evidence_id,source_id,institution,source_tier,discovered_url,title,access_date_utc,file_type,dataset_category,matching_alpha_dataset_ids,leap_relevance,nemo_relevance,years_detected,units_detected,confidence_level,validation_status,validator_quorum_required,crawler_error
13670d0ac1921b6e,EDCL,EDCL,1,https://www.reg.rw/about-us/subsidiaries/edcl/,EDCL,2026-05-25T06:29:02+00:00,html,Technology costs; Project pipeline; Electricity generation; Residential cooking,RW_TECH_COSTS; RW_PROJECT_PIPELINE; RW_PWR_GEN_TECH_GWH; RW_RES_COOK_FUEL_SHARE,Scenario assumptions; Scenario additions; Transformation; Residential demand,CAPEX/OPEX; Candidate technologies; Technology activity; Fuel shares,2018; 2023; 2024; 2025; 2030; 2050,,B,candidate,AIMS RIC + 2 approved validators,
d6e955fa2f7063c9,EPD,EPD Rwanda,3,https://epdrwanda.com/,Energy Private Developers – FROM CLIMATE POLICY TO CLIMATE ACTION,2026-05-25T06:35:54+00:00,html,Emission factors; Electricity generation,RW_EF_FUEL_IPCC; RW_PWR_GEN_TECH_GWH,Environmental loadings; Transformation,Emission factor; Technology activity,2021; 2024; 2025; 2026,%; kg; rwf,D,candidate,AIMS RIC + 2 approved validators,
37e8a9b915518a36,EUCL,EUCL,1,https://www.reg.rw/what-we-do/biomass/,Biomass,2026-05-25T06:31:27+00:00,html,Residential cooking; Biomass and charcoal; Socioeconomic drivers; Project pipeline,RW_RES_COOK_FUEL_SHARE; RW_BIOMASS_CHARCOAL_TJ; RW_SOCIO_GDP_POP; RW_PROJECT_PIPELINE,Residential demand; Biomass demand; Key assumptions; Scenario additions,Fuel shares; Fuel constraint; Demand driver; Candidate technologies,2018; 2023; 2024; 2025; 2030; 2050,kg; rwf,B,candidate,AIMS RIC + 2 approved validators,
e204542f537db2e5,EUCL,EUCL,1,https://www.reg.rw/fileadmin/user_upload/Customer_Contract_-_EUCL-REG.pdf,Customer Contract,2026-05-25T06:32:07+00:00,pdf,,,,,,,B,candidate,AIMS RIC + 2 approved validators,
7813fb198342415f,EUCL,EUCL,1,https://www.reg.rw/fileadmin/user_upload/RWANDA_ENERGY_GROUP_CUSTOMER_CHARTER.pdf,Detailed Customer Charter,2026-05-25T06:32:04+00:00,pdf,,,,,,,B,candidate,AIMS RIC + 2 approved validators,
9e103b4ce997e8f1,EUCL,EUCL,1,https://www.reg.rw/fileadmin/user_upload/Rwanda_Electricity_Distribution_Master_Plan_June_2024_Version__13_08_2024_clean_signed_gn.pdf,Distribution Master Plan,2026-05-25T06:31:16+00:00,pdf,,,,,,,B,candidate,AIMS RIC + 2 approved validators,
8a45e88de5eec18c,EUCL,EUCL,1,https://www.reg.rw/about-us/subsidiaries/eucl/,EUCL,2026-05-25T06:30:49+00:00,html,Electricity generation; Project pipeline; Installed capacity; Residential cooking,RW_PWR_GEN_TECH_GWH; RW_PROJECT_PIPELINE; RW_PWR_CAP_TECH_MW; RW_RES_COOK_FUEL_SHARE,Transformation; Scenario additions; Capacity; Residential demand,Technology activity; Candidate technologies; Existing capacity; Fuel shares,2018; 2023; 2024; 2025; 2030; 2050,,B,candidate,AIMS RIC + 2 approved validators,
8dec88c924dc7129,EUCL,EUCL,1,https://www.reg.rw/customer-service/electricity-saving-tips/,Electricity Saving Tips,2026-05-25T06:32:10+00:00,html,Project pipeline; Residential cooking; Technology costs; Biomass and charcoal,RW_PROJECT_PIPELINE; RW_RES_COOK_FUEL_SHARE; RW_TECH_COSTS; RW_BIOMASS_CHARCOAL_TJ,Scenario additions; Residential demand; Scenario assumptions; Biomass demand,Candidate technologies; Fuel shares; CAPEX/OPEX; Fuel constraint,2018; 2023; 2024; 2025; 2030; 2050,,B,candidate,AIMS RIC + 2 approved validators,
bad262274d52c162,EUCL,EUCL,1,https://www.reg.rw/what-we-do/generation/,Generation,2026-05-25T06:31:06+00:00,html,Installed capacity; Electricity generation; Project pipeline; Residential cooking,RW_PWR_CAP_TECH_MW; RW_PWR_GEN_TECH_GWH; RW_PROJECT_PIPELINE; RW_RES_COOK_FUEL_SHARE,Capacity; Transformation; Scenario additions; Residential demand,Existing capacity; Technology activity; Candidate technologies; Fuel shares,2018; 2022; 2023; 2024; 2025; 2030; 2050,kwh; mw; tonnes,B,candidate,AIMS RIC + 2 approved validators,
43ca01b7677bcfd2,EUCL,EUCL,1,https://www.reg.rw/fileadmin/user_upload/Rwanda-LCPDP-2024_Review-web.pdf,LCPDP 2025 – 2050,2026-05-25T06:31:10+00:00,pdf,,,,,2025; 2050,,B,candidate,AIMS RIC + 2 approved validators,
0c176b5ac2aecdec,EUCL,EUCL,1,https://www.reg.rw/fileadmin/user_upload/Concept_Note_NEP_Revision__July_2023.pdf,National Electrification Plan,2026-05-25T06:31:24+00:00,pdf,,,,,,,B,candidate,AIMS RIC + 2 approved validators,
65fa4490d54b232f,EUCL,EUCL,1,https://www.reg.rw/customer-service/power-outages/,Power Outages,2026-05-25T06:30:52+00:00,html,Project pipeline; Residential cooking; Technology costs; Biomass and charcoal,RW_PROJECT_PIPELINE; RW_RES_COOK_FUEL_SHARE; RW_TECH_COSTS; RW_BIOMASS_CHARCOAL_TJ,Scenario additions; Residential demand; Scenario assumptions; Biomass demand,Candidate technologies; Fuel shares; CAPEX/OPEX; Fuel constraint,2018; 2023; 2024; 2025; 2026; 2030; 2050,,B,candidate,AIMS RIC + 2 approved validators,
5f5e9efe39cd1ff3,EUCL,EUCL,1,https://www.reg.rw/fileadmin/user_upload/REG_PROCUREMENT_MANUAL.pdf,Procurement Manual,2026-05-25T06:32:13+00:00,pdf,Project pipeline,RW_PROJECT_PIPELINE,Scenario additions,Candidate technologies,,,B,candidate,AIMS RIC + 2 approved validators,
34f9483d1625ad7e,EUCL,EUCL,1,https://www.reg.rw/what-we-do/rbf-programs/productive-use-of-energy-technologies/,Productive Use of Energy Technologies,2026-05-25T06:31:47+00:00,html,Project pipeline; Residential cooking; Technology costs; Biomass and charcoal,RW_PROJECT_PIPELINE; RW_RES_COOK_FUEL_SHARE; RW_TECH_COSTS; RW_BIOMASS_CHARCOAL_TJ,Scenario additions; Residential demand; Scenario assumptions; Biomass demand,Candidate technologies; Fuel shares; CAPEX/OPEX; Fuel constraint,2018; 2023; 2024; 2025; 2026; 2030; 2050,,B,candidate,AIMS RIC + 2 approved validators,
3539820fe5e32b00,EUCL,EUCL,1,https://www.reg.rw/media-center/publications/category/esf-documents/?itemPerPage=10&cHash=1b2f33d73d6844ab78dea32a8c2f450d,Publications,2026-05-25T06:32:29+00:00,html,Project pipeline; Residential cooking; Technology costs; Biomass and charcoal,RW_PROJECT_PIPELINE; RW_RES_COOK_FUEL_SHARE; RW_TECH_COSTS; RW_BIOMASS_CHARCOAL_TJ,Scenario additions; Residential demand; Scenario assumptions; Biomass demand,Candidate technologies; Fuel shares; CAPEX/OPEX; Fuel constraint,2018; 2023; 2024; 2025; 2026; 2030; 2050,,B,candidate,AIMS RIC + 2 approved validators,
eb30f772b58dbdcf,EUCL,EUCL,1,https://www.reg.rw/media-center/publications/category/esa/?itemPerPage=10&cHash=be921dc66a566db55899c2895374d342,Publications,2026-05-25T06:32:43+00:00,html,Project pipeline; Residential cooking; Technology costs; Biomass and charcoal,RW_PROJECT_PIPELINE; RW_RES_COOK_FUEL_SHARE; RW_TECH_COSTS; RW_BIOMASS_CHARCOAL_TJ,Scenario additions; Residential demand; Scenario assumptions; Biomass demand,Candidate technologies; Fuel shares; CAPEX/OPEX; Fuel constraint,2018; 2023; 2024; 2025; 2030; 2050,,B,candidate,AIMS RIC + 2 approved validators,
2d675a9e88c26923,EUCL,EUCL,1,https://www.reg.rw/media-center/publications/category/esia/?itemPerPage=10&cHash=3edfae710511da3f291c74dd00a8f73a,Publications,2026-05-25T06:32:46+00:00,html,Project pipeline; Residential cooking; Technology costs; Biomass and charcoal,RW_PROJECT_PIPELINE; RW_RES_COOK_FUEL_SHARE; RW_TECH_COSTS; RW_BIOMASS_CHARCOAL_TJ,Scenario additions; Residential demand; Scenario assumptions; Biomass demand,Candidate technologies; Fuel shares; CAPEX/OPEX; Fuel constraint,2018; 2023; 2024; 2025; 2030; 2050,,B,candidate,AIMS RIC + 2 approved validators,
a4790767a5c116d8,EUCL,EUCL,1,https://www.reg.rw/media-center/publications/,Publications,2026-05-25T06:32:49+00:00,html,Project pipeline; Residential cooking; Technology costs; Biomass and charcoal,RW_PROJECT_PIPELINE; RW_RES_COOK_FUEL_SHARE; RW_TECH_COSTS; RW_BIOMASS_CHARCOAL_TJ,Scenario additions; Residential demand; Scenario assumptions; Biomass demand,Candidate technologies; Fuel shares; CAPEX/OPEX; Fuel constraint,2018; 2023; 2024; 2025; 2030; 2050,,B,candidate,AIMS RIC + 2 approved validators,
ab6173ffca98f249,EUCL,EUCL,1,https://www.reg.rw/what-we-do/rbf-programs/rbf-clean-cooking/,RBF Clean Cooking,2026-05-25T06:31:44+00:00,html,Residential cooking; Project pipeline; Socioeconomic drivers; Biomass and charcoal,RW_RES_COOK_FUEL_SHARE; RW_PROJECT_PIPELINE; RW_SOCIO_GDP_POP; RW_BIOMASS_CHARCOAL_TJ,Residential demand; Scenario additions; Key assumptions; Biomass demand,Fuel shares; Candidate technologies; Demand driver; Fuel constraint,2015; 2016; 2017; 2018; 2020; 2021; 2023; 2024; 2025; 2030; 2050,rwf,B,candidate,AIMS RIC + 2 approved validators,
dc29dc12cd80b632,EUCL,EUCL,1,https://www.reg.rw/public-information/reports-plans/,Reports & Plans,2026-05-25T06:32:22+00:00,html,Project pipeline; Technology costs; Residential cooking; Biomass and charcoal,RW_PROJECT_PIPELINE; RW_TECH_COSTS; RW_RES_COOK_FUEL_SHARE; RW_BIOMASS_CHARCOAL_TJ,Scenario additions; Scenario assumptions; Residential demand; Biomass demand,Candidate technologies; CAPEX/OPEX; Fuel shares; Fuel constraint,2018; 2021; 2022; 2023; 2024; 2025; 2030; 2050,,B,candidate,AIMS RIC + 2 approved validators,
4458301d5669e7d6,EUCL,EUCL,1,https://www.reg.rw/what-we-do/offgrid-solutions/solar-home-systems/,Solar home systems,2026-05-25T06:31:30+00:00,html,Project pipeline; Technology costs; Residential cooking; Biomass and charcoal,RW_PROJECT_PIPELINE; RW_TECH_COSTS; RW_RES_COOK_FUEL_SHARE; RW_BIOMASS_CHARCOAL_TJ,Scenario additions; Scenario assumptions; Residential demand; Biomass demand,Candidate technologies; CAPEX/OPEX; Fuel shares; Fuel constraint,2016; 2018; 2023; 2024; 2025; 2030; 2050,,B,candidate,AIMS RIC + 2 approved validators,
5b4b6aa7fad33ec2,EUCL,EUCL,1,https://www.reg.rw/fileadmin/user_upload/REG-Strategic-Plan-2024-2034.pdf,Strategic Plan,2026-05-25T06:32:26+00:00,pdf,,,,,2024; 2034,,B,candidate,AIMS RIC + 2 approved validators,
3c7e156700e8b51a,EUCL,EUCL,1,https://www.reg.rw/customer-service/tariffs/,Tariffs,2026-05-25T06:31:50+00:00,html,Technology costs; Project pipeline; Residential cooking; Biomass and charcoal,RW_TECH_COSTS; RW_PROJECT_PIPELINE; RW_RES_COOK_FUEL_SHARE; RW_BIOMASS_CHARCOAL_TJ,Scenario assumptions; Scenario additions; Residential demand; Biomass demand,CAPEX/OPEX; Candidate technologies; Fuel shares; Fuel constraint,2018; 2023; 2024; 2025; 2030; 2050,kwh,B,candidate,AIMS RIC + 2 approved validators,
ecea6ecb66cfe2ff,EUCL,EUCL,1,https://www.reg.rw/fileadmin/user_upload/Updated_Rwanda_Electricity_Transmission_Development_Plan_-_June_2023.pdf,Transmission Plan 2023 - 2030,2026-05-25T06:31:13+00:00,pdf,,,,,2023; 2030,,B,candidate,AIMS RIC + 2 approved validators,
e6df1855fa7b02fe,FAOSTAT,FAOSTAT,4,https://www.fao.org/faostat/,FAOSTAT — Food and Agriculture Statistics,2026-05-25T06:38:44+00:00,html,,,,,,,C,candidate,AIMS RIC + 2 approved validators,
9d2598a1e09f3da4,IEA,IEA,4,https://www.iea.org/countries/rwanda,International Energy Agency,2026-05-25T06:36:56+00:00,unknown,,,,,,,C,candidate,AIMS RIC + 2 approved validators,HTTP Error 403: Forbidden
41de95494aec3b36,IRENA,IRENA,4,https://www.irena.org/,International Renewable Energy Agency,2026-05-25T06:36:55+00:00,unknown,,,,,,,C,candidate,AIMS RIC + 2 approved validators,HTTP Error 403: Forbidden
e0206d153b970900,MINECOFIN,MINECOFIN,2,https://www.minecofin.gov.rw/news-detail/directors-of-climate-finance-in-eac-convene-in-kigali-to-accelerate-climate-finance-for-a-resilient-future,Directors of Climate Finance in EAC Convene in Kigali to Accelerate Climate Finance for a Resilient Future.,2026-05-25T06:35:12+00:00,html,Emission factors; Technology costs; Project pipeline; Installed capacity,RW_EF_FUEL_IPCC; RW_TECH_COSTS; RW_PROJECT_PIPELINE; RW_PWR_CAP_TECH_MW,Environmental loadings; Scenario assumptions; Scenario additions; Capacity,Emission factor; CAPEX/OPEX; Candidate technologies; Existing capacity,2025; 2026,,B,candidate,AIMS RIC + 2 approved validators,
38f3d9b74aff7082,MINECOFIN,MINECOFIN,2,https://www.minecofin.gov.rw/,Home,2026-05-25T06:35:09+00:00,html,Emission factors; Project pipeline; Socioeconomic drivers; Technology costs,RW_EF_FUEL_IPCC; RW_PROJECT_PIPELINE; RW_SOCIO_GDP_POP; RW_TECH_COSTS,Environmental loadings; Scenario additions; Key assumptions; Scenario assumptions,Emission factor; Candidate technologies; Demand driver; CAPEX/OPEX,2025; 2026,,B,candidate,AIMS RIC + 2 approved validators,
3e2dbcc6b63c224e,MINECOFIN,MINECOFIN,2,https://www.minecofin.gov.rw/policies,Policies and Procedures,2026-05-25T06:35:11+00:00,html,Technology costs,RW_TECH_COSTS,Scenario assumptions,CAPEX/OPEX,2026,,B,candidate,AIMS RIC + 2 approved validators,
d87fae043714f7d5,MININFRA,MININFRA,1,https://www.mininfra.gov.rw/,Ministry of Infrastructure,2026-05-25T06:26:46+00:00,html,Transport fuels,RW_TRANSPORT_FUEL_TJ,Transport demand,Demand proxy,2020; 2026,,B,candidate,AIMS RIC + 2 approved validators,
89fc82e1d4637b43,MININFRA,MININFRA,1,https://www.mininfra.gov.rw/publications,Publications,2026-05-25T06:26:48+00:00,html,,,,,2020; 2026,,B,candidate,AIMS RIC + 2 approved validators,
8dfb9a1d9164eb63,MININFRA,MININFRA,1,https://www.mininfra.gov.rw/updates/news-details/rwanda-advances-irrigation-and-transport-infrastructure-to-boost-productivity-and-trade,Rwanda Advances Irrigation and Transport Infrastructure to Boost Productivity and Trade,2026-05-25T06:26:52+00:00,html,Transport fuels; Installed capacity; Project pipeline,RW_TRANSPORT_FUEL_TJ; RW_PWR_CAP_TECH_MW; RW_PROJECT_PIPELINE,Transport demand; Capacity; Scenario additions,Demand proxy; Existing capacity; Candidate technologies,2025; 2026; 2050,,B,candidate,AIMS RIC + 2 approved validators,
82f627efbd5542c0,MININFRA,MININFRA,1,https://www.mininfra.gov.rw/updates/news-details/rwanda-and-international-solar-alliance-sign-strategic-partnership-to-accelerate-solar-power-initiatives-1,Rwanda and International Solar Alliance Sign Strategic Partnership to Accelerate Solar Power Initiatives,2026-05-25T06:26:51+00:00,html,Transport fuels; Residential cooking; Emission factors; Installed capacity,RW_TRANSPORT_FUEL_TJ; RW_RES_COOK_FUEL_SHARE; RW_EF_FUEL_IPCC; RW_PWR_CAP_TECH_MW,Transport demand; Residential demand; Environmental loadings; Capacity,Demand proxy; Fuel shares; Emission factor; Existing capacity,2025; 2026; 2050,,B,candidate,AIMS RIC + 2 approved validators,
66b5f36bb970bff4,NASA_POWER,NASA POWER,4,https://power.larc.nasa.gov/data-access-viewer/,NASA POWER | Data Access Viewer (DAV),2026-05-25T06:38:42+00:00,html,Project pipeline,RW_PROJECT_PIPELINE,Scenario additions,Candidate technologies,,,C,candidate,AIMS RIC + 2 approved validators,
5226787168f312ea,NASA_POWER,NASA POWER,4,https://power.larc.nasa.gov/docs/,NASA POWER | Docs - NASA POWER | Docs,2026-05-25T06:38:41+00:00,html,Project pipeline,RW_PROJECT_PIPELINE,Scenario additions,Candidate technologies,,,C,candidate,AIMS RIC + 2 approved validators,
4bfee50d7d321499,NASA_POWER,NASA POWER,4,https://power.larc.nasa.gov/docs/references/publications/,NASA POWER | Docs | Scholarship | Articles - NASA POWER | Docs,2026-05-25T06:38:43+00:00,html,Project pipeline; Emission factors; Installed capacity,RW_PROJECT_PIPELINE; RW_EF_FUEL_IPCC; RW_PWR_CAP_TECH_MW,Scenario additions; Environmental loadings; Capacity,Candidate technologies; Emission factor; Existing capacity,2017; 2019; 2021; 2022; 2023; 2024; 2025,,C,candidate,AIMS RIC + 2 approved validators,
942ef09bbb040072,NASA_POWER,NASA POWER,4,https://power.larc.nasa.gov/,NASA POWER | Homepage,2026-05-25T06:38:39+00:00,html,Project pipeline,RW_PROJECT_PIPELINE,Scenario additions,Candidate technologies,,,C,candidate,AIMS RIC + 2 approved validators,
7abfdb6d389364e0,NASA_POWER,NASA POWER,4,https://power.larc.nasa.gov/articles/,NASA POWER | Impact Stories,2026-05-25T06:38:42+00:00,html,,,,,2025,%,C,candidate,AIMS RIC + 2 approved validators,
e6854fd92b2c0280,NASA_POWER,NASA POWER,4,https://power.larc.nasa.gov/parameters/,NASA POWER | Parameter Dictionary,2026-05-25T06:38:40+00:00,html,Project pipeline,RW_PROJECT_PIPELINE,Scenario additions,Candidate technologies,,,C,candidate,AIMS RIC + 2 approved validators,
9e93322c35272cbc,NISR,NISR,1,https://statistics.gov.rw/statistical-publications/price-indices-cpi-ppi/consumer-price-index-cpi-april-2026,Consumer Price Index (CPI) - April 2026 | National Institute of Statistics of Rwanda,2026-05-25T06:33:12+00:00,html,Socioeconomic drivers; Transport fuels,RW_SOCIO_GDP_POP; RW_TRANSPORT_FUEL_TJ,Key assumptions; Transport demand,Demand driver; Demand proxy,2025; 2026,,B,candidate,AIMS RIC + 2 approved validators,
8329f77729db3986,NISR,NISR,1,https://statistics.gov.rw/data-portals-e-gddssdds,Data Portals & E-GDDS/SDDS | National Institute of Statistics of Rwanda,2026-05-25T06:32:56+00:00,html,Emission factors; Socioeconomic drivers,RW_EF_FUEL_IPCC; RW_SOCIO_GDP_POP,Environmental loadings; Key assumptions,Emission factor; Demand driver,2015; 2020; 2030,,B,candidate,AIMS RIC + 2 approved validators,
f69136fc9adb62ff,NISR,NISR,1,https://statistics.gov.rw/data-sources,Data Sources | National Institute of Statistics of Rwanda,2026-05-25T06:32:55+00:00,html,,,,,,,B,candidate,AIMS RIC + 2 approved validators,
0f76a61003385eff,NISR,NISR,1,https://statistics.gov.rw/data-revolution,Data revolution | National Institute of Statistics of Rwanda,2026-05-25T06:32:58+00:00,html,Installed capacity; Electricity generation,RW_PWR_CAP_TECH_MW; RW_PWR_GEN_TECH_GWH,Capacity; Transformation,Existing capacity; Technology activity,2017; 2019; 2020; 2022; 2030; 2050,,B,candidate,AIMS RIC + 2 approved validators,
a53a0d045033346c,NISR,NISR,1,https://statistics.gov.rw/data-sources/surveys/Demographic-and-Health-Survey/demographic-and-health-survey-2025,Demographic and Health Survey (2025) | National Institute of Statistics of Rwanda,2026-05-25T06:33:33+00:00,html,Socioeconomic drivers,RW_SOCIO_GDP_POP,Key assumptions,Demand driver,2020; 2025,,B,candidate,AIMS RIC + 2 approved validators,
cd15f23a8b42b679,NISR,NISR,1,https://statistics.gov.rw/statistical-publications/business-establishment-finance-trade/finscope-survey-2024,FinScope Survey (2024) | National Institute of Statistics of Rwanda,2026-05-25T06:33:35+00:00,html,Socioeconomic drivers; Project pipeline; Transport fuels,RW_SOCIO_GDP_POP; RW_PROJECT_PIPELINE; RW_TRANSPORT_FUEL_TJ,Key assumptions; Scenario additions; Transport demand,Demand driver; Candidate technologies; Demand proxy,2016; 2020; 2024,,B,candidate,AIMS RIC + 2 approved validators,
f5f7eec42117013c,NISR,NISR,1,https://statistics.gov.rw/statistical-publications/business-establishment-finance-trade/business-establishment-finance-trade/formal-external-trade-goods-march-2026,Formal external trade in Goods - March 2026 | National Institute of Statistics of Rwanda,2026-05-25T06:33:28+00:00,html,Socioeconomic drivers; Transport fuels,RW_SOCIO_GDP_POP; RW_TRANSPORT_FUEL_TJ,Key assumptions; Transport demand,Demand driver; Demand proxy,2025; 2026,,B,candidate,AIMS RIC + 2 approved validators,
00f72fb6aad55c1e,NISR,NISR,1,https://statistics.gov.rw/statistical-publications/gross-domestic-product/gdp-national-accounts-2025,"GDP National Accounts, 2025 | National Institute of Statistics of Rwanda",2026-05-25T06:33:07+00:00,html,Socioeconomic drivers; Transport fuels,RW_SOCIO_GDP_POP; RW_TRANSPORT_FUEL_TJ,Key assumptions; Transport demand,Demand driver; Demand proxy,2023; 2024; 2025; 2026,,B,candidate,AIMS RIC + 2 approved validators,
f1fc330bfca39b87,NISR,NISR,1,https://statistics.gov.rw/,Home | National Institute of Statistics of Rwanda,2026-05-25T06:32:51+00:00,html,Socioeconomic drivers; Project pipeline,RW_SOCIO_GDP_POP; RW_PROJECT_PIPELINE,Key assumptions; Scenario additions,Demand driver; Candidate technologies,2019; 2020; 2024; 2025; 2026,rwf,B,candidate,AIMS RIC + 2 approved validators,
87f452351846a92b,NISR,NISR,1,https://statistics.gov.rw/statistical-publications/gross-domestic-product/index-industrial-production-march-2026,Index of Industrial Production - March 2026 | National Institute of Statistics of Rwanda,2026-05-25T06:33:26+00:00,html,Socioeconomic drivers; Transport fuels,RW_SOCIO_GDP_POP; RW_TRANSPORT_FUEL_TJ,Key assumptions; Transport demand,Demand driver; Demand proxy,2024; 2025; 2026,,B,candidate,AIMS RIC + 2 approved validators,
b36cd9a968aac9b1,NISR,NISR,1,https://statistics.gov.rw/data-sources/surveys/Labour-Force-Survey/labour-force-survey-2026,Labour Force Survey 2026 | National Institute of Statistics of Rwanda,2026-05-25T06:33:32+00:00,html,Socioeconomic drivers,RW_SOCIO_GDP_POP,Key assumptions,Demand driver,2020; 2026,,B,candidate,AIMS RIC + 2 approved validators,
59cd58fc276ad0c0,NISR,NISR,1,https://statistics.gov.rw/statistical-publications/economy-agriculture-infrastructure/price-indices/producer-price-index/producer-price-index-ppi-march-2026,Producer Price Index (PPI) - March 2026 | National Institute of Statistics of Rwanda,2026-05-25T06:33:30+00:00,html,Socioeconomic drivers; Transport fuels,RW_SOCIO_GDP_POP; RW_TRANSPORT_FUEL_TJ,Key assumptions; Transport demand,Demand driver; Demand proxy,2024; 2025; 2026,,B,candidate,AIMS RIC + 2 approved validators,
ad33b819451c24ed,NISR,NISR,1,https://statistics.gov.rw/data-sources/censuses/Population-and-Housing-Census/fifth-population-and-housing-census-2022/rphc5-thematic-reports/rphc5-thematic-report-population-projection,RPHC5 Thematic Report: Population Projection | National Institute of Statistics of Rwanda,2026-05-25T06:33:13+00:00,html,Socioeconomic drivers,RW_SOCIO_GDP_POP,Key assumptions,Demand driver,2022; 2023; 2024; 2025; 2026; 2027; 2028; 2029; 2030; 2050,,B,candidate,AIMS RIC + 2 approved validators,
35f6ca51f98e4910,NISR,NISR,1,https://statistics.gov.rw/statistical-publications/vital-statistics/rwanda-vital-statistics-report-2025,Rwanda Vital Statistics Report 2025 | National Institute of Statistics of Rwanda,2026-05-25T06:33:37+00:00,html,Socioeconomic drivers; Transport fuels,RW_SOCIO_GDP_POP; RW_TRANSPORT_FUEL_TJ,Key assumptions; Transport demand,Demand driver; Demand proxy,2024; 2025; 2026,,B,candidate,AIMS RIC + 2 approved validators,
2eda0ad1e30934a5,NISR,NISR,1,https://statistics.gov.rw/statistical-publications/agriculture-environment/seasonal-agricultural-survey-season-2026,"Seasonal Agricultural Survey - Season A, 2026 | National Institute of Statistics of Rwanda",2026-05-25T06:33:50+00:00,html,Socioeconomic drivers; Transport fuels,RW_SOCIO_GDP_POP; RW_TRANSPORT_FUEL_TJ,Key assumptions; Transport demand,Demand driver; Demand proxy,2025; 2026,,B,candidate,AIMS RIC + 2 approved validators,
0b2f5230ba46c400,NISR,NISR,1,https://statistics.gov.rw/statistical-publications,Statistical Publications | National Institute of Statistics of Rwanda,2026-05-25T06:32:53+00:00,html,Socioeconomic drivers; Transport fuels,RW_SOCIO_GDP_POP; RW_TRANSPORT_FUEL_TJ,Key assumptions; Transport demand,Demand driver; Demand proxy,,,B,candidate,AIMS RIC + 2 approved validators,
5bfe6b24e1f662fe,REG,REG,1,https://www.reg.rw/media-center/news-details/news/from-classroom-to-power-grid-reg-inspires-primary-students-in-energy-careers/,From Classroom to Power Grid: REG Inspires Primary Students in Energy Careers,2026-05-25T06:28:45+00:00,html,Project pipeline; Electricity generation; Biomass and charcoal; Residential cooking,RW_PROJECT_PIPELINE; RW_PWR_GEN_TECH_GWH; RW_BIOMASS_CHARCOAL_TJ; RW_RES_COOK_FUEL_SHARE,Scenario additions; Transformation; Biomass demand; Residential demand,Candidate technologies; Technology activity; Fuel constraint; Fuel shares,2015; 2016; 2017; 2018; 2019; 2020; 2021; 2022; 2023; 2024; 2025; 2026; 2030; 2050,,B,candidate,AIMS RIC + 2 approved validators,
7abb255c3d6ea47c,REG,REG,1,https://www.reg.rw/index.php?id=2,Home,2026-05-25T06:28:59+00:00,php,Installed capacity; Project pipeline; Electricity generation; Residential cooking,RW_PWR_CAP_TECH_MW; RW_PROJECT_PIPELINE; RW_PWR_GEN_TECH_GWH; RW_RES_COOK_FUEL_SHARE,Capacity; Scenario additions; Transformation; Residential demand,Existing capacity; Candidate technologies; Technology activity; Fuel shares,2015; 2016; 2017; 2018; 2021; 2022; 2023; 2024; 2025; 2026; 2030; 2050,mw,B,candidate,AIMS RIC + 2 approved validators,
1c12282a15e0feee,REG,REG,1,https://www.reg.rw/,Rwanda Energy Group,2026-05-23T01:00:34+00:00,unknown,,,,,,,B,candidate,AIMS RIC + 2 approved validators,The read operation timed out
e5c60c2f37289ff8,REG,REG,1,https://www.reg.rw/public-information/tenders/tenders-details/news/tender-for-supply-of-spare-parts-for-mukungu-pico-hydropower-plantunder-framework-agreement-contrac/,Tender for Supply of Spare Parts for MUKUNGU PICO HYDROPOWER PLANT(Under Framework Agreement Contract),2026-05-25T06:28:56+00:00,html,Project pipeline; Residential cooking; Technology costs; Biomass and charcoal,RW_PROJECT_PIPELINE; RW_RES_COOK_FUEL_SHARE; RW_TECH_COSTS; RW_BIOMASS_CHARCOAL_TJ,Scenario additions; Residential demand; Scenario assumptions; Biomass demand,Candidate technologies; Fuel shares; CAPEX/OPEX; Fuel constraint,2018; 2019; 2020; 2021; 2022; 2023; 2024; 2025; 2026; 2030; 2050,%,B,candidate,AIMS RIC + 2 approved validators,
6dad7c9c809987eb,REMA,REMA,1,https://www.rema.gov.rw/updates/news-details/african-ldcs-to-host-first-ever-centralized-review-of-transparency-reports-in-rwanda,African LDCs to host first-ever centralized review of transparency reports in Rwanda,2026-05-25T06:34:05+00:00,html,Emission factors; Installed capacity; Technology costs,RW_EF_FUEL_IPCC; RW_PWR_CAP_TECH_MW; RW_TECH_COSTS,Environmental loadings; Capacity; Scenario assumptions,Emission factor; Existing capacity; CAPEX/OPEX,2026,,B,candidate,AIMS RIC + 2 approved validators,
8b2a75cf8879eb16,REMA,REMA,1,https://www.rema.gov.rw/home?tx_news_pi1%5Baction%5D=detail&tx_news_pi1%5Bcontroller%5D=News&tx_news_pi1%5Bnews%5D=56352&cHash=49d87427e0d920d5e8fe1427a5c94da5,"Agri-exports data for 11-15 May, 2026: Revenues generated:10,083,652 USD from 10,154 Metric Tons. Details in USD: Coffee:1,438,498 | Tea:2,885,403 | Vegetables:430,582 | Fruits:310,489 | Flowers:77,458 | Diverse& animal products:4,941,222",2026-05-25T06:33:58+00:00,html,Electricity generation; Emission factors,RW_PWR_GEN_TECH_GWH; RW_EF_FUEL_IPCC,Transformation; Environmental loadings,Technology activity; Emission factor,2026,,B,candidate,AIMS RIC + 2 approved validators,
e10a1426ae7273a0,REMA,REMA,1,https://www.rema.gov.rw/updates/news-details/conservation-agriculture-a-path-to-productive-and-climate-resilient-farming-in-rwanda,Conservation Agriculture: A Path to Productive and Climate-Resilient Farming in Rwanda,2026-05-25T06:34:11+00:00,html,Emission factors; Project pipeline,RW_EF_FUEL_IPCC; RW_PROJECT_PIPELINE,Environmental loadings; Scenario additions,Emission factor; Candidate technologies,2026,,B,candidate,AIMS RIC + 2 approved validators,
866e13e4a4866a98,REMA,REMA,1,https://www.rema.gov.rw/updates/news-details/empowering-fishermen-farmers-and-wetland-users-training-on-sustainable-management-of-lake-kivu,"Empowering Fishermen, Farmers, and Wetland Users: Training on Sustainable Management of Lake Kivu",2026-05-25T06:34:08+00:00,html,Transport fuels,RW_TRANSPORT_FUEL_TJ,Transport demand,Demand proxy,2025; 2026,,B,candidate,AIMS RIC + 2 approved validators,
69683aadff0aaf75,REMA,REMA,1,https://www.rema.gov.rw/home,Home,2026-05-25T06:34:19+00:00,html,Emission factors; Project pipeline; Electricity generation,RW_EF_FUEL_IPCC; RW_PROJECT_PIPELINE; RW_PWR_GEN_TECH_GWH,Environmental loadings; Scenario additions; Transformation,Emission factor; Candidate technologies; Technology activity,2019; 2021; 2024; 2025; 2026,,B,candidate,AIMS RIC + 2 approved validators,
fe8f648fb77766ff,REMA,REMA,1,https://www.rema.gov.rw/resources/publications,Publications,2026-05-25T06:34:14+00:00,html,Emission factors,RW_EF_FUEL_IPCC,Environmental loadings,Emission factor,2020; 2021; 2022; 2025; 2026; 2030,,B,candidate,AIMS RIC + 2 approved validators,
ac7686e69f62d595,REMA,REMA,1,https://www.rema.gov.rw/resources/reports,Reports,2026-05-25T06:34:16+00:00,html,Socioeconomic drivers; Emission factors; Project pipeline; Installed capacity,RW_SOCIO_GDP_POP; RW_EF_FUEL_IPCC; RW_PROJECT_PIPELINE; RW_PWR_CAP_TECH_MW,Key assumptions; Environmental loadings; Scenario additions; Capacity,Demand driver; Emission factor; Candidate technologies; Existing capacity,2025; 2026,,B,candidate,AIMS RIC + 2 approved validators,
f012348c28bab6f6,REMA,REMA,1,https://www.rema.gov.rw/updates/news-details/rwanda-launches-nyungwe-ruhango-corridor-restoration-project-to-restore-ecosystems-and-strengthen-climate-resilience,Rwanda Launches Nyungwe–Ruhango Corridor Restoration Project to Restore Ecosystems and Strengthen Climate Resilience,2026-05-25T06:34:02+00:00,html,Emission factors; Project pipeline,RW_EF_FUEL_IPCC; RW_PROJECT_PIPELINE,Environmental loadings; Scenario additions,Emission factor; Candidate technologies,2025; 2026; 2030; 2050,,B,candidate,AIMS RIC + 2 approved validators,
bb6660d4bf093f32,RRA,RRA,2,https://www.rra.gov.rw/ahabanza,Ikigo Cy'Imisoro n'Amahoro: Ahabanza,2026-05-25T06:35:16+00:00,html,Project pipeline,RW_PROJECT_PIPELINE,Scenario additions,Candidate technologies,2026,,B,candidate,AIMS RIC + 2 approved validators,
f6c5c36effd54ca7,RTDA,RTDA,2,https://www.rtda.gov.rw/home,Home,2026-05-25T06:35:23+00:00,html,Project pipeline; Transport fuels,RW_PROJECT_PIPELINE; RW_TRANSPORT_FUEL_TJ,Scenario additions; Transport demand,Candidate technologies; Demand proxy,2025,kg,B,candidate,AIMS RIC + 2 approved validators,
944073e4d8eb6c1c,RTDA,RTDA,2,https://www.rtda.gov.rw/publications,Publications,2026-05-25T06:35:26+00:00,html,Project pipeline; Socioeconomic drivers; Transport fuels,RW_PROJECT_PIPELINE; RW_SOCIO_GDP_POP; RW_TRANSPORT_FUEL_TJ,Scenario additions; Key assumptions; Transport demand,Candidate technologies; Demand driver; Demand proxy,,kg,B,candidate,AIMS RIC + 2 approved validators,
91276c4d50865c84,RTDA,RTDA,2,https://www.rtda.gov.rw/updates/news-details/rusizi-port-construction-reaches-over-95-completion-poised-to-transform-regional-trade-and-transport,"Rusizi port construction reaches over 95% completion, poised to transform regional trade and transport",2026-05-25T06:35:29+00:00,html,Transport fuels; Project pipeline; Installed capacity; Electricity generation,RW_TRANSPORT_FUEL_TJ; RW_PROJECT_PIPELINE; RW_PWR_CAP_TECH_MW; RW_PWR_GEN_TECH_GWH,Transport demand; Scenario additions; Capacity; Transformation,Demand proxy; Candidate technologies; Existing capacity; Technology activity,2025,kg,B,candidate,AIMS RIC + 2 approved validators,
4430730c9fb449b0,RURA,RURA,2,https://www.rura.rw/publications/announcements,Announcements,2026-05-25T06:34:49+00:00,html,Transport fuels,RW_TRANSPORT_FUEL_TJ,Transport demand,Demand proxy,2022; 2026; 2027,,B,candidate,AIMS RIC + 2 approved validators,
93023c2ffb34d3d7,RURA,RURA,2,https://www.rura.rw/publications/board-decisions,Board Decisions,2026-05-25T06:34:52+00:00,unknown,,,,,,,B,candidate,AIMS RIC + 2 approved validators,HTTP Error 404: Not Found
53ae06389b65ef36,RURA,RURA,2,https://www.rura.rw/fileadmin/user_upload/RURA/Announcements/EACO_Job_Advert_Manager_Corporate_Services.pdf,"EACO Job Advert: Manager, Corporate services|",2026-05-25T06:34:27+00:00,pdf,,,,,,,B,candidate,AIMS RIC + 2 approved validators,
2ed9766fe6bfbc8f,RURA,RURA,2,https://www.rura.rw/fileadmin/user_upload/RURA/Announcements/EACO_Job_Advert_Senior_Officer_Postal_Services.pdf,"EACO Job Advert:Senior Officer, Postal & Courier Services|",2026-05-25T06:34:31+00:00,pdf,,,,,,,B,candidate,AIMS RIC + 2 approved validators,
f0f3451c3200e75a,RURA,RURA,2,https://www.rura.rw/,Home,2026-05-25T06:34:22+00:00,html,Transport fuels; Installed capacity,RW_TRANSPORT_FUEL_TJ; RW_PWR_CAP_TECH_MW,Transport demand; Capacity,Demand proxy; Existing capacity,2022; 2024; 2025; 2026; 2027,,B,candidate,AIMS RIC + 2 approved validators,
68b3c4c68f81f7b9,RURA,RURA,2,https://www.rura.rw/fileadmin/user_upload/RURA/Documents/Sectors/ICT/Sector_Reports/List_of_Active_companies__for_installation__in_IBS_.pdf,"List companies for installation and maintenance in IBS Design, Installation and commissioning|",2026-05-25T06:34:35+00:00,pdf,Installed capacity,RW_PWR_CAP_TECH_MW,Capacity,Existing capacity,,,B,candidate,AIMS RIC + 2 approved validators,
3308882e4eb60a0d,RURA,RURA,2,https://www.rura.rw/publications/news,News,2026-05-25T06:34:57+00:00,html,Transport fuels,RW_TRANSPORT_FUEL_TJ,Transport demand,Demand proxy,2022; 2023; 2024; 2025; 2026; 2027,,B,candidate,AIMS RIC + 2 approved validators,
9ae1802142f0a719,RURA,RURA,2,https://www.rura.rw/sectors/transport/overview,Overview,2026-05-25T06:34:37+00:00,html,Transport fuels; Socioeconomic drivers; Technology costs,RW_TRANSPORT_FUEL_TJ; RW_SOCIO_GDP_POP; RW_TECH_COSTS,Transport demand; Key assumptions; Scenario assumptions,Demand proxy; Demand driver; CAPEX/OPEX,2022; 2026; 2027,,B,candidate,AIMS RIC + 2 approved validators,
74d36082585f94cf,RURA,RURA,2,https://www.rura.rw/sectors/energy/overview,Overview,2026-05-25T06:35:06+00:00,html,Transport fuels; Project pipeline; Electricity generation; Technology costs,RW_TRANSPORT_FUEL_TJ; RW_PROJECT_PIPELINE; RW_PWR_GEN_TECH_GWH; RW_TECH_COSTS,Transport demand; Scenario additions; Transformation; Scenario assumptions,Demand proxy; Candidate technologies; Technology activity; CAPEX/OPEX,2015; 2022; 2024; 2026; 2027,,B,candidate,AIMS RIC + 2 approved validators,
cad75280cddd0c70,RURA,RURA,2,https://www.rura.rw/fileadmin/user_upload/RURA/Announcements/Public_Notice_-Shortlisting_for_Heads_of_Departments.pdf,Public Notice Shortlisting for Heads of Departments|,2026-05-25T06:34:33+00:00,pdf,,,,,,,B,candidate,AIMS RIC + 2 approved validators,
2c326018f5b1c4c5,RURA,RURA,2,https://www.rura.rw/publications,Publications,2026-05-25T06:34:24+00:00,html,Transport fuels,RW_TRANSPORT_FUEL_TJ,Transport demand,Demand proxy,2022; 2026; 2027,,B,candidate,AIMS RIC + 2 approved validators,
3a2bafef87291606,RURA,RURA,2,https://www.rura.rw/publications/regulations-guidelines,Regulations & Guidelines,2026-05-25T06:34:46+00:00,html,Transport fuels,RW_TRANSPORT_FUEL_TJ,Transport demand,Demand proxy,2022; 2026; 2027,,B,candidate,AIMS RIC + 2 approved validators,
9557b25d0344150f,RURA,RURA,2,https://www.rura.rw/fileadmin/user_upload/RURA/Documents/Others/RURA_SERVICE_CHARTER.pdf,Service Charter,2026-05-25T06:35:04+00:00,pdf,,,,,,,B,candidate,AIMS RIC + 2 approved validators,
0ef017d2f83915f4,RURA,RURA,2,https://www.rura.rw/publications/statistics,Statistics,2026-05-25T06:34:42+00:00,html,Transport fuels,RW_TRANSPORT_FUEL_TJ,Transport demand,Demand proxy,2022; 2026; 2027,,B,candidate,AIMS RIC + 2 approved validators,
0ac7e5bfd66b5ec9,RURA,RURA,2,https://www.rura.rw/fileadmin/user_upload/RURA/Documents/Strategies/Strategic_Plan_2022-2027_for_RURA_vision.pdf,Strategic Plan for 2022-2027,2026-05-25T06:35:01+00:00,pdf,,,,,2022; 2027,,B,candidate,AIMS RIC + 2 approved validators,
8e92cdb171ecf629,RURA,RURA,2,https://www.rura.rw/publications/tariffs,Tariffs,2026-05-25T06:34:40+00:00,html,Transport fuels; Technology costs; Residential cooking,RW_TRANSPORT_FUEL_TJ; RW_TECH_COSTS; RW_RES_COOK_FUEL_SHARE,Transport demand; Scenario assumptions; Residential demand,Demand proxy; CAPEX/OPEX; Fuel shares,2016; 2020; 2021; 2022; 2024; 2025; 2026; 2027,,B,candidate,AIMS RIC + 2 approved validators,
f47ebad226e294c8,RURA,RURA,2,https://www.rura.rw/fileadmin/user_upload/RURA/Latest_awareness_campaigns/Public_Notice_Meusures_on_Sim_Cards_Frauds.pdf,https://www.rura.rw/fileadmin/user_upload/RURA/Latest_awareness_campaigns/Public_Notice_Meusures_on_Sim_Cards_Frauds.pdf,2026-05-25T06:34:54+00:00,pdf,,,,,,,B,candidate,AIMS RIC + 2 approved validators,
44a266ef9fe87d5b,RWB,RWB,2,https://www.rwb.rw/,Home,2026-05-25T06:35:32+00:00,html,,,,,2026,,B,candidate,AIMS RIC + 2 approved validators,
2c4359c2429b747d,SEFORALL,SEforALL,4,https://www.seforall.org/news/beyond-electricity-connections-building-productive-communities-in-zambia,Beyond Electricity Connections: Building Productive Communities in Zambia | Sustainable Energy for All,2026-05-25T06:37:01+00:00,html,Technology costs; Project pipeline; Transport fuels; Socioeconomic drivers,RW_TECH_COSTS; RW_PROJECT_PIPELINE; RW_TRANSPORT_FUEL_TJ; RW_SOCIO_GDP_POP,Scenario assumptions; Scenario additions; Transport demand; Key assumptions,CAPEX/OPEX; Candidate technologies; Demand proxy; Demand driver,2024; 2025; 2026,,C,candidate,AIMS RIC + 2 approved validators,
85229142b1cc6938,SEFORALL,SEforALL,4,https://www.seforall.org/data-stories/chilling-prospects-2025,Chilling Prospects: Tracking Sustainable Cooling for All 2025 | Sustainable Energy for All,2026-05-25T06:37:04+00:00,html,Socioeconomic drivers; Emission factors; Project pipeline; Residential cooking,RW_SOCIO_GDP_POP; RW_EF_FUEL_IPCC; RW_PROJECT_PIPELINE; RW_RES_COOK_FUEL_SHARE,Key assumptions; Environmental loadings; Scenario additions; Residential demand,Demand driver; Emission factor; Candidate technologies; Fuel shares,2024; 2025; 2030,,C,candidate,AIMS RIC + 2 approved validators,
59bcb18510c3c2c0,SEFORALL,SEforALL,4,https://www.seforall.org/impact-areas/climate-action,Climate action | Sustainable Energy for All,2026-05-25T06:36:58+00:00,html,Emission factors; Project pipeline; Residential cooking; Technology costs,RW_EF_FUEL_IPCC; RW_PROJECT_PIPELINE; RW_RES_COOK_FUEL_SHARE; RW_TECH_COSTS,Environmental loadings; Scenario additions; Residential demand; Scenario assumptions,Emission factor; Candidate technologies; Fuel shares; CAPEX/OPEX,2025,,C,candidate,AIMS RIC + 2 approved validators,
4b9bcdef89788f50,SEFORALL,SEforALL,4,https://www.seforall.org/publications/efficiency-opportunities-in-thailands-dairy-cold-chain,Efficiency opportunities in Thailand’s dairy cold chain | Sustainable Energy for All,2026-05-25T06:37:05+00:00,html,Emission factors; Project pipeline; Residential cooking; Socioeconomic drivers,RW_EF_FUEL_IPCC; RW_PROJECT_PIPELINE; RW_RES_COOK_FUEL_SHARE; RW_SOCIO_GDP_POP,Environmental loadings; Scenario additions; Residential demand; Key assumptions,Emission factor; Candidate technologies; Fuel shares; Demand driver,2022; 2025; 2026,tonnes,C,candidate,AIMS RIC + 2 approved validators,
be5502707ac96c9a,SEFORALL,SEforALL,4,https://www.seforall.org/impact-areas/empowering-women-youth,Empowering women & youth | Sustainable Energy for All,2026-05-25T06:36:59+00:00,html,Residential cooking; Emission factors; Project pipeline; Electricity generation,RW_RES_COOK_FUEL_SHARE; RW_EF_FUEL_IPCC; RW_PROJECT_PIPELINE; RW_PWR_GEN_TECH_GWH,Residential demand; Environmental loadings; Scenario additions; Transformation,Fuel shares; Emission factor; Candidate technologies; Technology activity,2024; 2025,,C,candidate,AIMS RIC + 2 approved validators,
b782d842626b22b5,SEFORALL,SEforALL,4,https://www.seforall.org/impact-areas/ending-energy-poverty,Ending energy poverty | Sustainable Energy for All,2026-05-25T06:36:57+00:00,html,Emission factors; National energy balance; Project pipeline; Residential cooking,RW_EF_FUEL_IPCC; RW_ENBAL_TOTAL_2015_2024; RW_PROJECT_PIPELINE; RW_RES_COOK_FUEL_SHARE,Environmental loadings; LEAP baseline; Scenario additions; Residential demand,Emission factor; NEMO fuel balance; Candidate technologies; Fuel shares,2025; 2030,kwh,C,candidate,AIMS RIC + 2 approved validators,
7f1bac60b2b3db59,SEFORALL,SEforALL,4,https://www.seforall.org/programmes/un-energy/energy-compacts,Energy Compacts | Sustainable Energy for All,2026-05-25T06:37:03+00:00,html,Emission factors; Residential cooking; Installed capacity; Project pipeline,RW_EF_FUEL_IPCC; RW_RES_COOK_FUEL_SHARE; RW_PWR_CAP_TECH_MW; RW_PROJECT_PIPELINE,Environmental loadings; Residential demand; Capacity; Scenario additions,Emission factor; Fuel shares; Existing capacity; Candidate technologies,2021; 2022; 2023; 2024; 2025; 2027; 2030; 2043; 2050,,C,candidate,AIMS RIC + 2 approved validators,
0d796fd94e087e42,SEFORALL,SEforALL,4,https://www.seforall.org/our-work/initiatives-projects/energy-transition-plans,Energy Transition and Investment Plans | Sustainable Energy for All,2026-05-25T06:37:04+00:00,html,Technology costs; Emission factors; Project pipeline; Installed capacity,RW_TECH_COSTS; RW_EF_FUEL_IPCC; RW_PROJECT_PIPELINE; RW_PWR_CAP_TECH_MW,Scenario assumptions; Environmental loadings; Scenario additions; Capacity,CAPEX/OPEX; Emission factor; Candidate technologies; Existing capacity,2021; 2023; 2024; 2025; 2026; 2030; 2050,,C,candidate,AIMS RIC + 2 approved validators,
a42e2f31dfdc9488,SEFORALL,SEforALL,4,https://www.seforall.org/news/first-methodology-to-support-just-transition-away-from-fossil-fuel-generators-launched-by-gold,First methodology to support just transition away from fossil fuel generators launched by Gold Standard and Sustainable Energy for All | Sustainable Energy for All,2026-05-25T06:36:59+00:00,html,Emission factors; Transport fuels; Project pipeline; Electricity generation,RW_EF_FUEL_IPCC; RW_TRANSPORT_FUEL_TJ; RW_PROJECT_PIPELINE; RW_PWR_GEN_TECH_GWH,Environmental loadings; Transport demand; Scenario additions; Transformation,Emission factor; Demand proxy; Candidate technologies; Technology activity,2025; 2026,,C,candidate,AIMS RIC + 2 approved validators,
fb44a16ca2c76e74,SEFORALL,SEforALL,4,https://www.seforall.org/publications/fostering-industrial-hubs-for-energy-transition-technologies-in-africa-a-g20-action,Fostering Industrial Hubs for Energy-Transition Technologies in Africa: A G20 Action Plan | Sustainable Energy for All,2026-05-25T06:37:06+00:00,html,Technology costs; Emission factors; Project pipeline; Installed capacity,RW_TECH_COSTS; RW_EF_FUEL_IPCC; RW_PROJECT_PIPELINE; RW_PWR_CAP_TECH_MW,Scenario assumptions; Environmental loadings; Scenario additions; Capacity,CAPEX/OPEX; Emission factor; Candidate technologies; Existing capacity,2022; 2024; 2025; 2030; 2050,,C,candidate,AIMS RIC + 2 approved validators,
80e04b2b1f47a056,SEFORALL,SEforALL,4,https://www.seforall.org/,Home | Sustainable Energy for All,2026-05-25T06:36:57+00:00,html,Emission factors,RW_EF_FUEL_IPCC,Environmental loadings,Emission factor,2021; 2023; 2024; 2025; 2026,%,C,candidate,AIMS RIC + 2 approved validators,
5cbff2aa552d9c13,SEFORALL,SEforALL,4,https://www.seforall.org/publications/medical-appliances-for-resource-constrained-settings,Medical Appliances for Resource-Constrained Settings | Sustainable Energy for All,2026-05-25T06:37:07+00:00,html,Project pipeline; Residential cooking; Emission factors; Installed capacity,RW_PROJECT_PIPELINE; RW_RES_COOK_FUEL_SHARE; RW_EF_FUEL_IPCC; RW_PWR_CAP_TECH_MW,Scenario additions; Residential demand; Environmental loadings; Capacity,Candidate technologies; Fuel shares; Emission factor; Existing capacity,2025,,C,candidate,AIMS RIC + 2 approved validators,
71a55390bb7565ec,SEFORALL,SEforALL,4,https://www.seforall.org/who-we-are/our-funders-partners,Our funders & partners | Sustainable Energy for All,2026-05-25T06:37:08+00:00,html,Residential cooking; Emission factors; Project pipeline,RW_RES_COOK_FUEL_SHARE; RW_EF_FUEL_IPCC; RW_PROJECT_PIPELINE,Residential demand; Environmental loadings; Scenario additions,Fuel shares; Emission factor; Candidate technologies,2025; 2030,,C,candidate,AIMS RIC + 2 approved validators,
dcffae8022256e11,SEFORALL,SEforALL,4,https://www.seforall.org/privacy-policy,Privacy policy | Sustainable Energy for All,2026-05-25T06:37:08+00:00,html,Emission factors; Project pipeline; Transport fuels,RW_EF_FUEL_IPCC; RW_PROJECT_PIPELINE; RW_TRANSPORT_FUEL_TJ,Environmental loadings; Scenario additions; Transport demand,Emission factor; Candidate technologies; Demand proxy,2016; 2018; 2025,,C,candidate,AIMS RIC + 2 approved validators,
60fdca7e14a35df1,SEFORALL,SEforALL,4,https://www.seforall.org/news/the-hormuz-crisis-shows-us-why-the-energy-transition-cant-wait,The Hormuz Crisis Shows Us Why the Energy Transition Can’t Wait | Sustainable Energy for All,2026-05-25T06:37:00+00:00,html,Emission factors; Residential cooking; Project pipeline; Socioeconomic drivers,RW_EF_FUEL_IPCC; RW_RES_COOK_FUEL_SHARE; RW_PROJECT_PIPELINE; RW_SOCIO_GDP_POP,Environmental loadings; Residential demand; Scenario additions; Key assumptions,Emission factor; Fuel shares; Candidate technologies; Demand driver,2022; 2023; 2024; 2025; 2026; 2030,,C,candidate,AIMS RIC + 2 approved validators,
0ffcec8123107309,SEFORALL,SEforALL,4,https://www.seforall.org/publications/threads-of-transformation-fashion-energy-women-at-the-intersection-of-climate-action,"Threads of Transformation: Fashion, Energy & Women at the Intersection of Climate Action | Sustainable Energy for All",2026-05-25T06:37:06+00:00,html,Emission factors; National energy balance; Project pipeline; Residential cooking,RW_EF_FUEL_IPCC; RW_ENBAL_TOTAL_2015_2024; RW_PROJECT_PIPELINE; RW_RES_COOK_FUEL_SHARE,Environmental loadings; LEAP baseline; Scenario additions; Residential demand,Emission factor; NEMO fuel balance; Candidate technologies; Fuel shares,2023; 2025; 2030,kwh; tonnes,C,candidate,AIMS RIC + 2 approved validators,
c54461e40e6a9809,SEFORALL,SEforALL,4,https://www.seforall.org/news/three-numbers-that-define-ais-energy-decade,Three Numbers That Define AI's Energy Decade | Sustainable Energy for All,2026-05-25T06:37:00+00:00,html,Technology costs; Project pipeline; Installed capacity; Emission factors,RW_TECH_COSTS; RW_PROJECT_PIPELINE; RW_PWR_CAP_TECH_MW; RW_EF_FUEL_IPCC,Scenario assumptions; Scenario additions; Capacity; Environmental loadings,CAPEX/OPEX; Candidate technologies; Existing capacity; Emission factor,2024; 2025; 2026; 2030; 2032,,C,candidate,AIMS RIC + 2 approved validators,
ef350d87723cbc5d,SEFORALL,SEforALL,4,https://www.seforall.org/news/towards-a-renewed-commitment-to-energy-for-healthcare,Towards a renewed commitment to energy for healthcare | Sustainable Energy for All,2026-05-25T06:37:02+00:00,html,Emission factors; Technology costs; Transport fuels; Project pipeline,RW_EF_FUEL_IPCC; RW_TECH_COSTS; RW_TRANSPORT_FUEL_TJ; RW_PROJECT_PIPELINE,Environmental loadings; Scenario assumptions; Transport demand; Scenario additions,Emission factor; CAPEX/OPEX; Demand proxy; Candidate technologies,2020; 2025; 2026,,C,candidate,AIMS RIC + 2 approved validators,
ca8be33a8ddf81a3,SEFORALL,SEforALL,4,https://www.seforall.org/programmes/universal-energy-facility,Universal Energy Facility | Sustainable Energy for All,2026-05-25T06:37:02+00:00,html,Residential cooking; Project pipeline; Emission factors,RW_RES_COOK_FUEL_SHARE; RW_PROJECT_PIPELINE; RW_EF_FUEL_IPCC,Residential demand; Scenario additions; Environmental loadings,Fuel shares; Candidate technologies; Emission factor,2025,,C,candidate,AIMS RIC + 2 approved validators,
9c6f49ee9892b0ba,UNFCCC,UNFCCC,4,https://unfccc.int/about-us/2025-highlights,2025 UNFCCC delivery highlights | UNFCCC,2026-05-25T06:38:26+00:00,html,Emission factors; Installed capacity; Project pipeline; Technology costs,RW_EF_FUEL_IPCC; RW_PWR_CAP_TECH_MW; RW_PROJECT_PIPELINE; RW_TECH_COSTS,Environmental loadings; Capacity; Scenario additions; Scenario assumptions,Emission factor; Existing capacity; Candidate technologies; CAPEX/OPEX,2015; 2017; 2018; 2019; 2020; 2021; 2022; 2023; 2024; 2025; 2026; 2027; 2028; 2029; 2030; 2034; 2035; 2041,%,C,candidate,AIMS RIC + 2 approved validators,
37c046a0c4062709,UNFCCC,UNFCCC,4,https://unfccc.int/topics/climate-weeks,About the Climate Weeks | UNFCCC,2026-05-25T06:38:08+00:00,html,Emission factors; Project pipeline; Installed capacity,RW_EF_FUEL_IPCC; RW_PROJECT_PIPELINE; RW_PWR_CAP_TECH_MW,Environmental loadings; Scenario additions; Capacity,Emission factor; Candidate technologies; Existing capacity,2020; 2021; 2022; 2023; 2025; 2026; 2027,,C,candidate,AIMS RIC + 2 approved validators,
f973b01044c0d1e6,UNFCCC,UNFCCC,4,https://unfccc.int/topics/education-and-youth/big-picture/ACE,Action for Climate Empowerment | UNFCCC,2026-05-25T06:37:25+00:00,html,Emission factors; Project pipeline; Installed capacity; Socioeconomic drivers,RW_EF_FUEL_IPCC; RW_PROJECT_PIPELINE; RW_PWR_CAP_TECH_MW; RW_SOCIO_GDP_POP,Environmental loadings; Scenario additions; Capacity; Key assumptions,Emission factor; Candidate technologies; Existing capacity; Demand driver,2020; 2023; 2026,,C,candidate,AIMS RIC + 2 approved validators,
73b00a6a045328de,UNFCCC,UNFCCC,4,https://unfccc.int/topics/capacity-building,Capacity-building | UNFCCC,2026-05-25T06:37:27+00:00,html,Emission factors; Installed capacity; Project pipeline; Transport fuels,RW_EF_FUEL_IPCC; RW_PWR_CAP_TECH_MW; RW_PROJECT_PIPELINE; RW_TRANSPORT_FUEL_TJ,Environmental loadings; Capacity; Scenario additions; Transport demand,Emission factor; Existing capacity; Candidate technologies; Demand proxy,2020; 2023; 2024; 2025; 2026,,C,candidate,AIMS RIC + 2 approved validators,
d524d75af77d29ed,UNFCCC,UNFCCC,4,https://unfccc.int/documents,Documents | UNFCCC,2026-05-25T06:37:10+00:00,html,Emission factors; Installed capacity; Project pipeline; Transport fuels,RW_EF_FUEL_IPCC; RW_PWR_CAP_TECH_MW; RW_PROJECT_PIPELINE; RW_TRANSPORT_FUEL_TJ,Environmental loadings; Capacity; Scenario additions; Transport demand,Emission factor; Existing capacity; Candidate technologies; Demand proxy,2015; 2016; 2017; 2018; 2019; 2020; 2021; 2022; 2023; 2024; 2025; 2026; 2030,,C,candidate,AIMS RIC + 2 approved validators,
bee65230356e75b3,UNFCCC,UNFCCC,4,https://unfccc.int/climate-action,Global Climate Action | UNFCCC,2026-05-25T06:38:20+00:00,html,Emission factors; Project pipeline; Installed capacity,RW_EF_FUEL_IPCC; RW_PROJECT_PIPELINE; RW_PWR_CAP_TECH_MW,Environmental loadings; Scenario additions; Capacity,Emission factor; Candidate technologies; Existing capacity,2015; 2020; 2023; 2026; 2030,,C,candidate,AIMS RIC + 2 approved validators,
23d0dbdd4a6acd10,UNFCCC,UNFCCC,4,https://unfccc.int/topics/introduction-to-climate-finance,Introduction to Climate Finance | UNFCCC,2026-05-25T06:37:28+00:00,html,Emission factors; Project pipeline; Installed capacity,RW_EF_FUEL_IPCC; RW_PROJECT_PIPELINE; RW_PWR_CAP_TECH_MW,Environmental loadings; Scenario additions; Capacity,Emission factor; Candidate technologies; Existing capacity,2015; 2020; 2023; 2025,,C,candidate,AIMS RIC + 2 approved validators,
0ae9ea6fc2c1cc1e,UNFCCC,UNFCCC,4,https://unfccc.int/NDCREG,Nationally Determined Contributions Registry | UNFCCC,2026-05-25T06:38:23+00:00,html,Emission factors; Project pipeline,RW_EF_FUEL_IPCC; RW_PROJECT_PIPELINE,Environmental loadings; Scenario additions,Emission factor; Candidate technologies,2021; 2022; 2023; 2024; 2025; 2026; 2029; 2030; 2031; 2035; 2040,%,C,candidate,AIMS RIC + 2 approved validators,
124c52b36a17d87b,UNFCCC,UNFCCC,4,https://unfccc.int/reports,Reports | UNFCCC,2026-05-25T06:38:21+00:00,html,Emission factors; Project pipeline; Installed capacity,RW_EF_FUEL_IPCC; RW_PROJECT_PIPELINE; RW_PWR_CAP_TECH_MW,Environmental loadings; Scenario additions; Capacity,Emission factor; Candidate technologies; Existing capacity,2015; 2016; 2017; 2018; 2019; 2020; 2021; 2022; 2023; 2024; 2025; 2026,,C,candidate,AIMS RIC + 2 approved validators,
491bb0a849f49afc,UNFCCC,UNFCCC,4,https://unfccc.int/Transparency,Transparency | UNFCCC,2026-05-25T06:37:13+00:00,html,Emission factors; Installed capacity; Project pipeline,RW_EF_FUEL_IPCC; RW_PWR_CAP_TECH_MW; RW_PROJECT_PIPELINE,Environmental loadings; Capacity; Scenario additions,Emission factor; Existing capacity; Candidate technologies,2018; 2019; 2020; 2021; 2022; 2023; 2024; 2025; 2026,,C,candidate,AIMS RIC + 2 approved validators,
185119aa29519966,UNFCCC,UNFCCC,4,https://unfccc.int/topics/un-climate-change-global-innovation-hub,UN Climate Change Global Innovation Hub | UNFCCC,2026-05-25T06:38:19+00:00,html,Emission factors; Project pipeline; Installed capacity; Socioeconomic drivers,RW_EF_FUEL_IPCC; RW_PROJECT_PIPELINE; RW_PWR_CAP_TECH_MW; RW_SOCIO_GDP_POP,Environmental loadings; Scenario additions; Capacity; Key assumptions,Emission factor; Candidate technologies; Existing capacity; Demand driver,2020; 2021; 2022; 2023; 2025,,C,candidate,AIMS RIC + 2 approved validators,
7fce20482e4fd342,UNFCCC,UNFCCC,4,https://unfccc.int/UN-Climate-Change-partnerships,UN Climate Change Partnerships | UNFCCC,2026-05-25T06:38:24+00:00,html,Emission factors; Installed capacity; Project pipeline,RW_EF_FUEL_IPCC; RW_PWR_CAP_TECH_MW; RW_PROJECT_PIPELINE,Environmental loadings; Capacity; Scenario additions,Emission factor; Existing capacity; Candidate technologies,2020; 2023; 2027,,C,candidate,AIMS RIC + 2 approved validators,
9e6e3176007c7258,UNFCCC,UNFCCC,4,https://unfccc.int/about-us/reports-highlights/un-climate-change-quarterly-updates,UN Climate Change Quarterly Updates | UNFCCC,2026-05-25T06:38:27+00:00,html,Emission factors; Project pipeline; Installed capacity,RW_EF_FUEL_IPCC; RW_PROJECT_PIPELINE; RW_PWR_CAP_TECH_MW,Environmental loadings; Scenario additions; Capacity,Emission factor; Candidate technologies; Existing capacity,2020; 2023; 2024; 2025,,C,candidate,AIMS RIC + 2 approved validators,
fb3ec939a1e4fcae,UNFCCC,UNFCCC,4,https://unfccc.int/process-and-meetings/united-nations-framework-convention-on-climate-change,United Nations Framework Convention on Climate Change | UNFCCC,2026-05-25T06:37:11+00:00,html,Emission factors; Project pipeline; Installed capacity,RW_EF_FUEL_IPCC; RW_PROJECT_PIPELINE; RW_PWR_CAP_TECH_MW,Environmental loadings; Scenario additions; Capacity,Emission factor; Candidate technologies; Existing capacity,2020; 2023,,C,candidate,AIMS RIC + 2 approved validators,
7d06ae7bbfb7a2fb,UNFCCC,UNFCCC,4,https://unfccc.int/process-and-meetings/what-are-united-nations-climate-change-conferences,What are United Nations Climate Change Conferences? | UNFCCC,2026-05-25T06:37:12+00:00,html,Emission factors; Project pipeline; Installed capacity,RW_EF_FUEL_IPCC; RW_PROJECT_PIPELINE; RW_PWR_CAP_TECH_MW,Environmental loadings; Scenario additions; Capacity,Emission factor; Candidate technologies; Existing capacity,2015; 2020; 2023; 2025; 2026,,C,candidate,AIMS RIC + 2 approved validators,
317a15be359c0e46,UNFCCC,UNFCCC,4,https://unfccc.int/topics/climate-technology/what-is-technology-development-and-transfer,What is technology development and transfer? | UNFCCC,2026-05-25T06:38:07+00:00,html,Emission factors; Project pipeline; Installed capacity,RW_EF_FUEL_IPCC; RW_PROJECT_PIPELINE; RW_PWR_CAP_TECH_MW,Environmental loadings; Scenario additions; Capacity,Emission factor; Candidate technologies; Existing capacity,2015; 2020; 2023; 2025; 2027; 2034,,C,candidate,AIMS RIC + 2 approved validators,
805afb2abcf0d852,WASAC,WASAC,2,https://www.wasac.rw/en,Home | WASAC Group: Water & Sanitation for Rwanda: WASAC Group,2026-05-25T06:35:38+00:00,html,Technology costs; Project pipeline,RW_TECH_COSTS; RW_PROJECT_PIPELINE,Scenario assumptions; Scenario additions,CAPEX/OPEX; Candidate technologies,2026,,B,candidate,AIMS RIC + 2 approved validators,
0c5da6ee4e75217b,WASAC,WASAC,2,https://www.wasac.rw/en/privacy-policy,Privacy Policy: WASAC Group,2026-05-25T06:35:44+00:00,html,Technology costs,RW_TECH_COSTS,Scenario assumptions,CAPEX/OPEX,2024; 2026,,B,candidate,AIMS RIC + 2 approved validators,
30d3fd4650d95890,WASAC,WASAC,2,https://www.wasac.rw/en/my-bill/tariff-charges,Tariff & Charges: WASAC Group,2026-05-25T06:35:40+00:00,html,Technology costs,RW_TECH_COSTS,Scenario assumptions,CAPEX/OPEX,2026,,B,candidate,AIMS RIC + 2 approved validators,
810993e2d971c657,WASAC,WASAC,2,https://www.wasac.rw/en/public-information/news/d/wasac-group-and-reg-commemorate-former-electrogaz-employees-who-lost-their-lives-in-the-1994-genocide-against-the-tutsi?cHash=4802b59dba17daf625f23924c8c20126,WASAC Group and REG Commemorate Former ELECTROGAZ Employees Who Lost Their Lives in the 1994 Genocide against the Tutsi | WASAC Group,2026-05-25T06:35:42+00:00,html,Project pipeline; Technology costs,RW_PROJECT_PIPELINE; RW_TECH_COSTS,Scenario additions; Scenario assumptions,Candidate technologies; CAPEX/OPEX,2026,,B,candidate,AIMS RIC + 2 approved validators,
462cfd01c5d25943,WORLD_BANK,World Bank,4,https://data.worldbank.org/indicator/EG.ELC.ACCS.ZS?locations=RW,Access to electricity (% of population) - Rwanda | Data,2026-05-25T06:36:08+00:00,zs,Socioeconomic drivers; Electricity generation; Installed capacity; Emission factors,RW_SOCIO_GDP_POP; RW_PWR_GEN_TECH_GWH; RW_PWR_CAP_TECH_MW; RW_EF_FUEL_IPCC,Key assumptions; Transformation; Capacity; Environmental loadings,Demand driver; Technology activity; Existing capacity; Emission factor,2015; 2016; 2017; 2018; 2019; 2020; 2021; 2022; 2023; 2024; 2025; 2026; 2050,gwh; kg; kw; kwh; mw; tj,C,candidate,AIMS RIC + 2 approved validators,
46c18fd18557f79d,WORLD_BANK,World Bank,4,https://data.worldbank.org/indicator/ER.H2O.FWTL.ZS?locations=RW,"Annual freshwater withdrawals, total (% of internal resources)",2026-05-25T06:36:39+00:00,zs,,,,,,,C,candidate,AIMS RIC + 2 approved validators,HTTP Error 504: Gateway Timeout
8ac19c73cdaa2185,WORLD_BANK,World Bank,4,https://data.worldbank.org/products/data-books,Books & Reports | Data,2026-05-25T06:36:04+00:00,html,Socioeconomic drivers; Emission factors; Installed capacity,RW_SOCIO_GDP_POP; RW_EF_FUEL_IPCC; RW_PWR_CAP_TECH_MW,Key assumptions; Environmental loadings; Capacity,Demand driver; Emission factor; Existing capacity,2016; 2017; 2018; 2019; 2020; 2021; 2026,kg; kw; mw; tj,C,candidate,AIMS RIC + 2 approved validators,
d9fb72e78c0614cc,WORLD_BANK,World Bank,4,https://data.worldbank.org/indicator/EN.GHG.CO2.PC.CE.AR5?locations=RW,Carbon dioxide (CO2) emissions excluding LULUCF per capita (t CO2e/capita),2026-05-25T06:36:23+00:00,ar5,Emission factors,RW_EF_FUEL_IPCC,Environmental loadings,Emission factor,,,C,candidate,AIMS RIC + 2 approved validators,HTTP Error 504: Gateway Timeout
d3348a7817df326f,WORLD_BANK,World Bank,4,https://data.worldbank.org/products/tools,Data Portals & Tools | Data,2026-05-25T06:36:05+00:00,html,Technology costs; Emission factors; Socioeconomic drivers; Installed capacity,RW_TECH_COSTS; RW_EF_FUEL_IPCC; RW_SOCIO_GDP_POP; RW_PWR_CAP_TECH_MW,Scenario assumptions; Environmental loadings; Key assumptions; Capacity,CAPEX/OPEX; Emission factor; Demand driver; Existing capacity,2015; 2016; 2017; 2018; 2019; 2021; 2026,kg; kw; mw; tj,C,candidate,AIMS RIC + 2 approved validators,
b5663b885bfff74c,WORLD_BANK,World Bank,4,https://data.worldbank.org/about/data-programs,Data programs | Data,2026-05-25T06:36:04+00:00,html,Installed capacity; Socioeconomic drivers; Emission factors,RW_PWR_CAP_TECH_MW; RW_SOCIO_GDP_POP; RW_EF_FUEL_IPCC,Capacity; Key assumptions; Environmental loadings,Existing capacity; Demand driver; Emission factor,2016; 2017; 2018; 2019; 2021; 2026; 2030,kg; kw; mw; tj,C,candidate,AIMS RIC + 2 approved validators,
3044a8c373de3e30,WORLD_BANK,World Bank,4,https://data.worldbank.org/indicator/EG.ELC.RNWX.ZS?locations=RW,"Electricity production from renewable sources, excluding hydroelectric (% of total)",2026-05-25T06:36:55+00:00,zs,Electricity generation,RW_PWR_GEN_TECH_GWH,Transformation,Technology activity,,,C,candidate,AIMS RIC + 2 approved validators,HTTP Error 504: Gateway Timeout
8aeb64d6e657f90f,WORLD_BANK,World Bank,4,https://data.worldbank.org/indicator/NY.GDP.MKTP.KD.ZG?locations=RW,GDP growth (annual %) - Rwanda | Data,2026-05-25T06:36:06+00:00,zg,Socioeconomic drivers; Installed capacity,RW_SOCIO_GDP_POP; RW_PWR_CAP_TECH_MW,Key assumptions; Capacity,Demand driver; Existing capacity,2015; 2016; 2017; 2018; 2019; 2020; 2021; 2022; 2023; 2024; 2026,,C,candidate,AIMS RIC + 2 approved validators,
5c3442d16fea0233,WORLD_BANK,World Bank,4,https://data.worldbank.org/indicator/FP.CPI.TOTL.ZG?locations=RW,"Inflation, consumer prices (annual %) - Rwanda | Data",2026-05-25T06:36:07+00:00,zg,Socioeconomic drivers; Installed capacity; Technology costs,RW_SOCIO_GDP_POP; RW_PWR_CAP_TECH_MW; RW_TECH_COSTS,Key assumptions; Capacity; Scenario assumptions,Demand driver; Existing capacity; CAPEX/OPEX,2015; 2016; 2017; 2018; 2019; 2020; 2021; 2022; 2023; 2024; 2025; 2026,kg; kw; mw; tj,C,candidate,AIMS RIC + 2 approved validators,
c0a2e9bddb502b57,WORLD_BANK,World Bank,4,https://data.worldbank.org/indicator/SP.POP.GROW?locations=RW,Population growth (annual %) - Rwanda | Data,2026-05-25T06:36:06+00:00,grow,Socioeconomic drivers; Installed capacity,RW_SOCIO_GDP_POP; RW_PWR_CAP_TECH_MW,Key assumptions; Capacity,Demand driver; Existing capacity,2015; 2016; 2017; 2018; 2019; 2020; 2021; 2022; 2023; 2024; 2026,,C,candidate,AIMS RIC + 2 approved validators,
badcc2df10f80136,WORLD_BANK,World Bank,4,https://data.worldbank.org/country/rwanda,Rwanda | Data,2026-05-25T06:36:03+00:00,html,Socioeconomic drivers; Emission factors; Electricity generation; Technology costs,RW_SOCIO_GDP_POP; RW_EF_FUEL_IPCC; RW_PWR_GEN_TECH_GWH; RW_TECH_COSTS,Key assumptions; Environmental loadings; Transformation; Scenario assumptions,Demand driver; Emission factor; Technology activity; CAPEX/OPEX,2020; 2021; 2022; 2023; 2024; 2025; 2026,,C,candidate,AIMS RIC + 2 approved validators,
ae91c06b2fac22ef,WORLD_BANK,World Bank,4,https://data.worldbank.org/,World Bank Open Data | Data,2026-05-25T06:36:03+00:00,html,Socioeconomic drivers; Emission factors; Transport fuels,RW_SOCIO_GDP_POP; RW_EF_FUEL_IPCC; RW_TRANSPORT_FUEL_TJ,Key assumptions; Environmental loadings; Transport demand,Demand driver; Emission factor; Demand proxy,2021; 2023; 2026,kg; kw; mw; tj,C,candidate,AIMS RIC + 2 approved validators,
43484985187c5c8f,WRI,WRI,3,https://www.wri.org/insights/ocean-based-climate-change-solutions,7 Ocean-Based Solutions to Fight Climate Change | World Resources Institute Click to see more Click to see more,2026-05-25T06:36:00+00:00,html,Emission factors; Installed capacity; Project pipeline; Electricity generation,RW_EF_FUEL_IPCC; RW_PWR_CAP_TECH_MW; RW_PROJECT_PIPELINE; RW_PWR_GEN_TECH_GWH,Environmental loadings; Capacity; Scenario additions; Transformation,Emission factor; Existing capacity; Candidate technologies; Technology activity,2019; 2020; 2021; 2023; 2025; 2026; 2030; 2040; 2050,mw,D,candidate,AIMS RIC + 2 approved validators,
a6d534e32955dcbd,WRI,WRI,3,https://www.wri.org/climate,Advancing the Systems Change Needed to Fight Climate Change | World Resources Institute Click to see more Click to see more,2026-05-25T06:35:56+00:00,html,Emission factors; Project pipeline; Technology costs,RW_EF_FUEL_IPCC; RW_PROJECT_PIPELINE; RW_TECH_COSTS,Environmental loadings; Scenario additions; Scenario assumptions,Emission factor; Candidate technologies; CAPEX/OPEX,2026; 2030; 2050,,D,candidate,AIMS RIC + 2 approved validators,
0cc45b365c4921f7,WRI,WRI,3,https://www.wri.org/insights/food-energy-resilience-iran-war,Building Food and Energy Resilience After Iran War | World Resources Institute Click to see more Click to see more,2026-05-25T06:35:58+00:00,html,Emission factors; Transport fuels; Project pipeline; Technology costs,RW_EF_FUEL_IPCC; RW_TRANSPORT_FUEL_TJ; RW_PROJECT_PIPELINE; RW_TECH_COSTS,Environmental loadings; Transport demand; Scenario additions; Scenario assumptions,Emission factor; Demand proxy; Candidate technologies; CAPEX/OPEX,2022; 2023; 2026,,D,candidate,AIMS RIC + 2 approved validators,
acb84db0cbb2d3c4,WRI,WRI,3,https://www.wri.org/insights/iran-war-clean-energy-benefits,Clean Energy Protects Countries During Iran War | World Resources Institute Click to see more Click to see more,2026-05-25T06:35:59+00:00,html,Emission factors; Technology costs; Project pipeline,RW_EF_FUEL_IPCC; RW_TECH_COSTS; RW_PROJECT_PIPELINE,Environmental loadings; Scenario assumptions; Scenario additions,Emission factor; CAPEX/OPEX; Candidate technologies,2019; 2022; 2024; 2025; 2026,,D,candidate,AIMS RIC + 2 approved validators,
8fc6740f184097f1,WRI,WRI,3,https://www.wri.org/data,Data | World Resources Institute Click to see more Click to see more,2026-05-25T06:35:55+00:00,html,Emission factors; Project pipeline,RW_EF_FUEL_IPCC; RW_PROJECT_PIPELINE,Environmental loadings; Scenario additions,Emission factor; Candidate technologies,2025; 2026,,D,candidate,AIMS RIC + 2 approved validators,
c32f5a43b76b43b5,WRI,WRI,3,https://www.wri.org/insights/energy-leaders-address-renewable-power-benefits,Energy Leaders Tout the Benefits of Renewables | World Resources Institute Click to see more Click to see more,2026-05-25T06:36:01+00:00,html,Electricity generation; Technology costs; Emission factors; Project pipeline,RW_PWR_GEN_TECH_GWH; RW_TECH_COSTS; RW_EF_FUEL_IPCC; RW_PROJECT_PIPELINE,Transformation; Scenario assumptions; Environmental loadings; Scenario additions,Technology activity; CAPEX/OPEX; Emission factor; Candidate technologies,2015; 2024; 2025; 2026; 2030,,D,candidate,AIMS RIC + 2 approved validators,
adc7b17eb9dc1c25,WRI,WRI,3,https://www.wri.org/initiatives/ndc-partnership,NDC Partnership | World Resources Institute Click to see more Click to see more,2026-05-25T06:35:59+00:00,html,Emission factors; Project pipeline; Transport fuels,RW_EF_FUEL_IPCC; RW_PROJECT_PIPELINE; RW_TRANSPORT_FUEL_TJ,Environmental loadings; Scenario additions; Transport demand,Emission factor; Candidate technologies; Demand proxy,2022; 2023; 2024; 2025; 2026; 2030,,D,candidate,AIMS RIC + 2 approved validators,
9602f574d1378c54,WRI,WRI,3,https://www.wri.org/insights/african-cities-use-nature-fight-floods-and-climate-change,Nature-Based Solutions Help African Cities Fight Floods | World Resources Institute Click to see more Click to see more,2026-05-25T06:36:01+00:00,html,Emission factors; Socioeconomic drivers; Project pipeline; Installed capacity,RW_EF_FUEL_IPCC; RW_SOCIO_GDP_POP; RW_PROJECT_PIPELINE; RW_PWR_CAP_TECH_MW,Environmental loadings; Key assumptions; Scenario additions; Capacity,Emission factor; Demand driver; Candidate technologies; Existing capacity,2020; 2021; 2022; 2023; 2024; 2025; 2026; 2030,,D,candidate,AIMS RIC + 2 approved validators,
d574ddd5de3bebbc,WRI,WRI,3,https://www.wri.org/news/statement-honoring-rafe-pomerance-pioneer-climate-action,"STATEMENT: Honoring Rafe Pomerance, a Pioneer of Climate Action | World Resources Institute Click to see more Click to see more",2026-05-25T06:36:02+00:00,html,Emission factors; Project pipeline,RW_EF_FUEL_IPCC; RW_PROJECT_PIPELINE,Environmental loadings; Scenario additions,Emission factor; Candidate technologies,2018; 2021; 2026,,D,candidate,AIMS RIC + 2 approved validators,
81af2414539e1b80,WRI,WRI,3,https://www.wri.org/energy,WRI Polsky Center for the Global Energy Transition | World Resources Institute Click to see more Click to see more Click to see more,2026-05-25T06:35:56+00:00,html,Emission factors; Project pipeline; Residential cooking; Socioeconomic drivers,RW_EF_FUEL_IPCC; RW_PROJECT_PIPELINE; RW_RES_COOK_FUEL_SHARE; RW_SOCIO_GDP_POP,Environmental loadings; Scenario additions; Residential demand; Key assumptions,Emission factor; Candidate technologies; Fuel shares; Demand driver,2023; 2026,,D,candidate,AIMS RIC + 2 approved validators,
cdad5c3e5ecf643b,WRI,WRI,3,https://www.wri.org/,World Resources Institute - Research for People & Planet Click to see more Click to see more,2026-05-25T06:35:54+00:00,html,Emission factors; Project pipeline; Socioeconomic drivers; Technology costs,RW_EF_FUEL_IPCC; RW_PROJECT_PIPELINE; RW_SOCIO_GDP_POP; RW_TECH_COSTS,Environmental loadings; Scenario additions; Key assumptions; Scenario assumptions,Emission factor; Candidate technologies; Demand driver; CAPEX/OPEX,2026; 2030,,D,candidate,AIMS RIC + 2 approved validators,
